{
    "denominator": [
        1,
        -1.56101808,
        0.64135154
    ],
    "numerator": [
        0.02008337,
        0.04016673,
        0.02008337
    ],
    "signal": [
        0,
        0.0639192207687109,
        0.129820156917152,
        0.197369901365828,
        0.266175282989102,
        0.335780389392581,
        0.405664901493214,
        0.475243415983962,
        0.54386594055078,
        0.61081975198128,
        0.675332808121024,
        0.736578899992944,
        0.793684719258014,
        0.845738997514771,
        0.891803846698546,
        0.930928393116936,
        0.962164750653719,
        0.98458632080159,
        0.997308338135842,
        0.999510499666332,
        0.990461425696651,
        0.969544599398877,
        0.936285323913158,
        0.89037812172432,
        0.831713884423927,
        0.760405965600031,
        0.676814300182079,
        0.581566535569621,
        0.475575079484155,
        0.360048913513601,
        0.236498997023725,
        0.106736100955506,
        -0.0271400276169379,
        -0.162761154522975,
        -0.297521511301515,
        -0.428619783775128,
        -0.553112403590491,
        -0.667978038406769,
        -0.770192741205877,
        -0.856814726995973,
        -0.925077206834458,
        -0.972487139990752,
        -0.996927185322508,
        -0.996757567404093,
        -0.970914050930868,
        -0.918997771593422,
        -0.841352339037653,
        -0.739123445310177,
        -0.614296217731348,
        -0.469705783470512,
        -0.309016994374948,
        -0.136670017317714,
        0.042210460645665,
        0.221943333399241,
        0.39645580712764,
        0.559482258102167,
        0.704792712002695,
        0.826444344126652,
        0.91904730885231,
        0.97803423891691,
        0.999921044203816,
        0.982545329525993,
        0.925267987755188,
        0.829123448640794,
        0.696904797949342,
        0.533171620737189,
        0.344171020552784,
        0.137665824543471,
        -0.0773315588477883,
        -0.290915940548546,
        -0.492727341548291,
        -0.672454653554997,
        -0.82038347987211,
        -0.927961191206895,
        -0.988347700116701,
        -0.996917333733128,
        -0.951675909043809,
        -0.853558071858934,
        -0.706573434293203,
        -0.517776181207568,
        -0.297041581577034,
        -0.0566439968744481,
        0.189355940205038,
        0.425892992123785,
        0.637811211404891,
        0.810859580832373,
        0.9327070178126,
        0.993905671408596,
        0.988727131454582,
        0.915797235918033,
        0.778462301567024,
        0.584833097628306,
        0.34747250609273,
        0.0827177617552908,
        -0.190342966455424,
        -0.451189084441842,
        -0.679400323995594,
        -0.856295931928155,
        -0.966551775436554,
        -0.999655128472676,
        -0.951056516295154,
        -0.822890505007935,
        -0.624163269785351,
        -0.370343445318131,
        -0.0823420567110896,
        0.215076237017112,
        0.495349509065334,
        0.732485868278651,
        0.903538819249818,
        0.990956989580687,
        0.984564334529205,
        0.882941037713247,
        0.694015284974231,
        0.434740772829112,
        0.129820156917156,
        -0.19046633123119,
        -0.493164681345719,
        -0.746024833053844,
        -0.921016890223681,
        -0.997603820145637,
        -0.965381638833274,
        -0.825736181960449,
        -0.592249463861216,
        -0.289713425396781,
        0.0482361381753147,
        0.382683432365091,
        0.673848585967256,
        0.885873444089835,
        0.991406546476033,
        0.975393139663137,
        0.837528040042144,
        0.592958013453285,
        0.271017113702386,
        -0.0879763736979112,
        -0.4375678017996,
        -0.731115594729866,
        -0.928101621120577,
        -0.999950723443848,
        -0.934507976564793,
        -0.738445925516448,
        -0.437115766650931,
        -0.0716924195739115,
        0.306147274463515,
        0.641385359440794,
        0.883706821316235,
        0.995261402206308,
        0.956931215697885,
        0.772032965262569,
        0.466707737691139,
        0.0867245400354088,
        -0.309016994374944,
        -0.657438373866289,
        -0.901373506538796,
        -0.999196634938186,
        -0.932343996687503,
        -0.709324729572274,
        -0.365318742919793,
        0.0428382108087368,
        0.445685418744578,
        0.772831051991141,
        0.965381638833275,
        0.986909814956956,
        0.830875710469385,
        0.52292708238241,
        0.117350206376729,
        -0.312003296688413,
        -0.684913439031317,
        -0.929822738442521,
        -0.997898463377279,
        -0.873323677571377,
        -0.577572703422267,
        -0.16647963041331,
        0.279715071050087,
        0.671710245674052,
        0.929034448705226,
        0.996917333733128,
        0.85855926423744,
        0.53995829718037,
        0.105861438908596,
        -0.352769435189942,
        -0.737513117358174,
        -0.963690130787685,
        -0.979451531338474,
        -0.778383417397963,
        -0.402446334442428,
        0.0659255979513736,
        0.521319460754227,
        0.858881242661376,
        0.998711574886768,
        0.905414742868686,
        0.597904983057526,
        0.146621707930584,
        -0.341810205446117,
        -0.749362663956923,
        -0.975198824380446,
        -0.961165421788853,
        -0.70763972609733,
        -0.275248102618893,
        0.228677106705064,
        0.676166483718822,
        0.951056516295151,
        0.979628559099061,
        0.751273348792019,
        0.323203994638855,
        -0.192809688282641,
        -0.658952062333707,
        -0.948061939332586,
        -0.978813103549501,
        -0.739546515892217,
        -0.293559854135962,
        0.236498997023722,
        0.701665742503294,
        0.968458033600273,
        0.957766304209129,
        0.669379599005716,
        0.18429444856234,
        -0.356881478618291,
        -0.794066787152827,
        -0.995150794957211,
        -0.896696668345734,
        -0.525174629961287,
        0.00867068707534414,
        0.541755155533252,
        0.908064242190777,
        0.990736467313522,
        0.760405965600031,
        0.286945907470509,
        -0.280318253773477,
        -0.758853170732144,
        -0.991618929641105,
        -0.89940525156637,
        -0.509149575764005,
        0.052252295067117,
        0.598005706214432,
        0.943157710106713,
        0.967797100328868,
        0.659991178270467,
        0.122714671177423,
        -0.459133376510246,
        -0.88163972931419,
        -0.993611310520009,
        -0.75185361662053,
        -0.239428289274724,
        0.361220987642523,
        0.832271616466019,
        0.999600307650256,
        0.798248810891264,
        0.299320577274912,
        -0.313316295911207,
        -0.809681246285152,
        -1,
        -0.808351707650637,
        -0.304711368627676,
        0.318681395378496,
        0.819520272644893,
        0.999600307650257,
        0.784421438299703,
        0.255864215428725,
        -0.376987405423358,
        -0.8593957028156,
        -0.993611310520009,
        -0.72126717391254,
        -0.150722520690993,
        0.484064512801832,
        0.918451904110653,
        0.967797100328866,
        0.60753111780645,
        -0.0126916935680543,
        -0.629255282813686,
        -0.975889341545107,
        -0.899405251566364,
        -0.429300873492192,
        0.231123060112132,
        0.791001479100246,
        0.999732695648169,
        0.760405965600037,
        0.17700228791982,
        -0.488456771194673,
        -0.932343996687505,
        -0.948341375362305,
        -0.525174629961288,
        0.14388642761296,
        0.747278733068914,
        0.999687339331031,
        0.778146691145364,
        0.184294448562335,
